[
  {
    "epoch": 1,
    "train": {
      "loss": 2.643054783344269,
      "accuracy": 0.134765625,
      "time": 51.25798416137695
    },
    "test": {
      "loss": 3.791528024535248,
      "accuracy": 0.10869565217391304,
      "time": 5.810698747634888
    }
  },
  {
    "epoch": 2,
    "train": {
      "loss": 2.9108908772468567,
      "accuracy": 0.158203125,
      "time": 19.414121866226196
    },
    "test": {
      "loss": 10.71768191240836,
      "accuracy": 0.15217391304347827,
      "time": 5.83407187461853
    }
  },
  {
    "epoch": 3,
    "train": {
      "loss": 2.3257992267608643,
      "accuracy": 0.259765625,
      "time": 17.232909440994263
    },
    "test": {
      "loss": 20.296677630880605,
      "accuracy": 0.17391304347826086,
      "time": 4.935436964035034
    }
  },
  {
    "epoch": 4,
    "train": {
      "loss": 1.8473061323165894,
      "accuracy": 0.3203125,
      "time": 18.14307999610901
    },
    "test": {
      "loss": 4.991979446963987,
      "accuracy": 0.14492753623188406,
      "time": 5.450307607650757
    }
  },
  {
    "epoch": 5,
    "train": {
      "loss": 1.6551890969276428,
      "accuracy": 0.390625,
      "time": 17.570788621902466
    },
    "test": {
      "loss": 2.8935769744541333,
      "accuracy": 0.2826086956521739,
      "time": 5.864683151245117
    }
  },
  {
    "epoch": 6,
    "train": {
      "loss": 1.8220734596252441,
      "accuracy": 0.38671875,
      "time": 17.465333700180054
    },
    "test": {
      "loss": 3.514273760975271,
      "accuracy": 0.13768115942028986,
      "time": 4.850635290145874
    }
  },
  {
    "epoch": 7,
    "train": {
      "loss": 1.6942956149578094,
      "accuracy": 0.423828125,
      "time": 17.582879543304443
    },
    "test": {
      "loss": 2.416548272837763,
      "accuracy": 0.2826086956521739,
      "time": 5.619203090667725
    }
  },
  {
    "epoch": 8,
    "train": {
      "loss": 1.5960665941238403,
      "accuracy": 0.447265625,
      "time": 19.183627367019653
    },
    "test": {
      "loss": 1.9060931862264439,
      "accuracy": 0.3188405797101449,
      "time": 5.961789131164551
    }
  },
  {
    "epoch": 9,
    "train": {
      "loss": 1.539486676454544,
      "accuracy": 0.453125,
      "time": 17.34832191467285
    },
    "test": {
      "loss": 1.863477689632471,
      "accuracy": 0.38405797101449274,
      "time": 4.919304609298706
    }
  },
  {
    "epoch": 10,
    "train": {
      "loss": 1.557882934808731,
      "accuracy": 0.4453125,
      "time": 18.36825180053711
    },
    "test": {
      "loss": 1.5894551277160645,
      "accuracy": 0.463768115942029,
      "time": 5.12947940826416
    }
  },
  {
    "epoch": 11,
    "train": {
      "loss": 1.426625669002533,
      "accuracy": 0.484375,
      "time": 17.42502760887146
    },
    "test": {
      "loss": 1.5049766664919646,
      "accuracy": 0.5072463768115942,
      "time": 5.979587554931641
    }
  },
  {
    "epoch": 12,
    "train": {
      "loss": 1.414450854063034,
      "accuracy": 0.52734375,
      "time": 17.498125076293945
    },
    "test": {
      "loss": 1.5007395554279936,
      "accuracy": 0.5217391304347826,
      "time": 4.777230978012085
    }
  },
  {
    "epoch": 13,
    "train": {
      "loss": 1.351141095161438,
      "accuracy": 0.517578125,
      "time": 18.738524675369263
    },
    "test": {
      "loss": 1.481725018957387,
      "accuracy": 0.5362318840579711,
      "time": 5.164997100830078
    }
  },
  {
    "epoch": 14,
    "train": {
      "loss": 1.4317356646060944,
      "accuracy": 0.50390625,
      "time": 17.12588405609131
    },
    "test": {
      "loss": 1.5787651936213176,
      "accuracy": 0.4855072463768116,
      "time": 5.616134881973267
    }
  },
  {
    "epoch": 15,
    "train": {
      "loss": 1.3227285146713257,
      "accuracy": 0.55078125,
      "time": 17.988311290740967
    },
    "test": {
      "loss": 1.554711027421813,
      "accuracy": 0.5362318840579711,
      "time": 4.841068983078003
    }
  },
  {
    "epoch": 16,
    "train": {
      "loss": 1.2986393868923187,
      "accuracy": 0.54296875,
      "time": 18.48737406730652
    },
    "test": {
      "loss": 1.7594168013420657,
      "accuracy": 0.5217391304347826,
      "time": 5.84007453918457
    }
  },
  {
    "epoch": 17,
    "train": {
      "loss": 1.2906329035758972,
      "accuracy": 0.572265625,
      "time": 17.05060386657715
    },
    "test": {
      "loss": 1.5056463842806609,
      "accuracy": 0.5144927536231884,
      "time": 5.375237464904785
    }
  },
  {
    "epoch": 18,
    "train": {
      "loss": 1.222445785999298,
      "accuracy": 0.587890625,
      "time": 21.25209403038025
    },
    "test": {
      "loss": 1.7448387353316597,
      "accuracy": 0.4927536231884058,
      "time": 4.832309007644653
    }
  },
  {
    "epoch": 19,
    "train": {
      "loss": 1.3394649624824524,
      "accuracy": 0.544921875,
      "time": 18.403759717941284
    },
    "test": {
      "loss": 1.6571850914886033,
      "accuracy": 0.4782608695652174,
      "time": 5.321139812469482
    }
  },
  {
    "epoch": 20,
    "train": {
      "loss": 1.2411767691373825,
      "accuracy": 0.578125,
      "time": 17.485374212265015
    },
    "test": {
      "loss": 1.591872985812201,
      "accuracy": 0.4782608695652174,
      "time": 6.042044639587402
    }
  },
  {
    "epoch": 21,
    "train": {
      "loss": 1.2102794647216797,
      "accuracy": 0.60546875,
      "time": 18.070780038833618
    },
    "test": {
      "loss": 1.896046455355658,
      "accuracy": 0.4420289855072464,
      "time": 4.922175407409668
    }
  },
  {
    "epoch": 22,
    "train": {
      "loss": 1.216366857290268,
      "accuracy": 0.59375,
      "time": 19.20681118965149
    },
    "test": {
      "loss": 1.71789744971455,
      "accuracy": 0.45652173913043476,
      "time": 5.07835578918457
    }
  },
  {
    "epoch": 23,
    "train": {
      "loss": 1.230125069618225,
      "accuracy": 0.59375,
      "time": 17.5772545337677
    },
    "test": {
      "loss": 2.159540487372357,
      "accuracy": 0.42028985507246375,
      "time": 6.172138690948486
    }
  },
  {
    "epoch": 24,
    "train": {
      "loss": 1.1983349472284317,
      "accuracy": 0.572265625,
      "time": 17.887690782546997
    },
    "test": {
      "loss": 1.803598659625952,
      "accuracy": 0.4782608695652174,
      "time": 4.819430112838745
    }
  },
  {
    "epoch": 25,
    "train": {
      "loss": 1.1521589159965515,
      "accuracy": 0.619140625,
      "time": 18.02187418937683
    },
    "test": {
      "loss": 1.8033541216366533,
      "accuracy": 0.4927536231884058,
      "time": 5.276709079742432
    }
  },
  {
    "epoch": 26,
    "train": {
      "loss": 1.208169937133789,
      "accuracy": 0.58984375,
      "time": 18.030654668807983
    },
    "test": {
      "loss": 1.6273270482602327,
      "accuracy": 0.5217391304347826,
      "time": 6.053822755813599
    }
  },
  {
    "epoch": 27,
    "train": {
      "loss": 1.1196454167366028,
      "accuracy": 0.630859375,
      "time": 17.959289073944092
    },
    "test": {
      "loss": 1.588452871294989,
      "accuracy": 0.5144927536231884,
      "time": 4.930927991867065
    }
  },
  {
    "epoch": 28,
    "train": {
      "loss": 1.2030911445617676,
      "accuracy": 0.587890625,
      "time": 18.00356912612915
    },
    "test": {
      "loss": 1.5839195769766103,
      "accuracy": 0.5217391304347826,
      "time": 6.545140504837036
    }
  },
  {
    "epoch": 29,
    "train": {
      "loss": 1.0929495245218277,
      "accuracy": 0.640625,
      "time": 17.71922779083252
    },
    "test": {
      "loss": 1.6125133607698523,
      "accuracy": 0.5362318840579711,
      "time": 5.55913519859314
    }
  },
  {
    "epoch": 30,
    "train": {
      "loss": 1.0151708126068115,
      "accuracy": 0.666015625,
      "time": 19.000465631484985
    },
    "test": {
      "loss": 1.6837530654409658,
      "accuracy": 0.5072463768115942,
      "time": 5.001742601394653
    }
  },
  {
    "epoch": 31,
    "train": {
      "loss": 1.0095686316490173,
      "accuracy": 0.646484375,
      "time": 17.622159957885742
    },
    "test": {
      "loss": 1.7393252365831016,
      "accuracy": 0.4782608695652174,
      "time": 5.790449619293213
    }
  },
  {
    "epoch": 32,
    "train": {
      "loss": 0.9862588793039322,
      "accuracy": 0.630859375,
      "time": 17.525557041168213
    },
    "test": {
      "loss": 1.7769181417382283,
      "accuracy": 0.5,
      "time": 5.536168336868286
    }
  },
  {
    "epoch": 33,
    "train": {
      "loss": 0.9754565358161926,
      "accuracy": 0.658203125,
      "time": 18.30873441696167
    },
    "test": {
      "loss": 1.8191823993904004,
      "accuracy": 0.4927536231884058,
      "time": 4.908146858215332
    }
  },
  {
    "epoch": 34,
    "train": {
      "loss": 1.0648176670074463,
      "accuracy": 0.61328125,
      "time": 17.470664501190186
    },
    "test": {
      "loss": 1.6931797231453052,
      "accuracy": 0.5072463768115942,
      "time": 6.095702409744263
    }
  },
  {
    "epoch": 35,
    "train": {
      "loss": 0.9373884052038193,
      "accuracy": 0.66796875,
      "time": 17.7350013256073
    },
    "test": {
      "loss": 1.6024052008338596,
      "accuracy": 0.5,
      "time": 5.012359380722046
    }
  },
  {
    "epoch": 36,
    "train": {
      "loss": 0.9470380544662476,
      "accuracy": 0.67578125,
      "time": 18.09835386276245
    },
    "test": {
      "loss": 1.8132662496704985,
      "accuracy": 0.4855072463768116,
      "time": 4.888497829437256
    }
  },
  {
    "epoch": 37,
    "train": {
      "loss": 0.8690550923347473,
      "accuracy": 0.69921875,
      "time": 17.147714376449585
    },
    "test": {
      "loss": 1.7773928538612698,
      "accuracy": 0.5362318840579711,
      "time": 5.850168943405151
    }
  },
  {
    "epoch": 38,
    "train": {
      "loss": 0.9046958386898041,
      "accuracy": 0.6875,
      "time": 17.558499574661255
    },
    "test": {
      "loss": 1.9213839648426443,
      "accuracy": 0.4927536231884058,
      "time": 5.148338079452515
    }
  },
  {
    "epoch": 39,
    "train": {
      "loss": 0.9899538159370422,
      "accuracy": 0.650390625,
      "time": 19.343531608581543
    },
    "test": {
      "loss": 1.8026074637537417,
      "accuracy": 0.5507246376811594,
      "time": 5.602946758270264
    }
  },
  {
    "epoch": 40,
    "train": {
      "loss": 0.9141775518655777,
      "accuracy": 0.681640625,
      "time": 17.614288330078125
    },
    "test": {
      "loss": 1.762312574663024,
      "accuracy": 0.5434782608695652,
      "time": 5.908399343490601
    }
  },
  {
    "epoch": 41,
    "train": {
      "loss": 0.8981460928916931,
      "accuracy": 0.685546875,
      "time": 18.03934621810913
    },
    "test": {
      "loss": 1.7904908242432966,
      "accuracy": 0.5434782608695652,
      "time": 5.007438898086548
    }
  },
  {
    "epoch": 42,
    "train": {
      "loss": 0.8595613837242126,
      "accuracy": 0.685546875,
      "time": 18.84179139137268
    },
    "test": {
      "loss": 1.7102547797603884,
      "accuracy": 0.5217391304347826,
      "time": 5.397485733032227
    }
  },
  {
    "epoch": 43,
    "train": {
      "loss": 0.8628391772508621,
      "accuracy": 0.70703125,
      "time": 18.3253493309021
    },
    "test": {
      "loss": 1.7621976050777712,
      "accuracy": 0.5362318840579711,
      "time": 5.983206033706665
    }
  },
  {
    "epoch": 44,
    "train": {
      "loss": 0.8084811121225357,
      "accuracy": 0.70703125,
      "time": 18.06034779548645
    },
    "test": {
      "loss": 1.6043994806814885,
      "accuracy": 0.5507246376811594,
      "time": 4.992257356643677
    }
  },
  {
    "epoch": 45,
    "train": {
      "loss": 0.7999003082513809,
      "accuracy": 0.716796875,
      "time": 18.105629920959473
    },
    "test": {
      "loss": 1.8272895398347273,
      "accuracy": 0.5217391304347826,
      "time": 5.383820056915283
    }
  },
  {
    "epoch": 46,
    "train": {
      "loss": 0.8156115561723709,
      "accuracy": 0.720703125,
      "time": 17.123917818069458
    },
    "test": {
      "loss": 1.7881583718286045,
      "accuracy": 0.5362318840579711,
      "time": 5.742720127105713
    }
  },
  {
    "epoch": 47,
    "train": {
      "loss": 0.7749204337596893,
      "accuracy": 0.71484375,
      "time": 18.120330572128296
    },
    "test": {
      "loss": 1.8015697797139485,
      "accuracy": 0.5362318840579711,
      "time": 4.970953702926636
    }
  },
  {
    "epoch": 48,
    "train": {
      "loss": 0.8109813034534454,
      "accuracy": 0.72265625,
      "time": 19.243129014968872
    },
    "test": {
      "loss": 1.851745327313741,
      "accuracy": 0.5072463768115942,
      "time": 5.883122444152832
    }
  },
  {
    "epoch": 49,
    "train": {
      "loss": 0.8126330673694611,
      "accuracy": 0.72265625,
      "time": 20.17841100692749
    },
    "test": {
      "loss": 1.8659678628479226,
      "accuracy": 0.47101449275362317,
      "time": 5.999924898147583
    }
  },
  {
    "epoch": 50,
    "train": {
      "loss": 0.7723301649093628,
      "accuracy": 0.740234375,
      "time": 17.718388557434082
    },
    "test": {
      "loss": 1.816196058107459,
      "accuracy": 0.5072463768115942,
      "time": 5.063156843185425
    }
  },
  {
    "epoch": 51,
    "train": {
      "loss": 0.860323041677475,
      "accuracy": 0.724609375,
      "time": 18.8035409450531
    },
    "test": {
      "loss": 1.7440593398135642,
      "accuracy": 0.5217391304347826,
      "time": 5.2514166831970215
    }
  },
  {
    "epoch": 52,
    "train": {
      "loss": 0.7690945118665695,
      "accuracy": 0.732421875,
      "time": 18.119795560836792
    },
    "test": {
      "loss": 1.6608647989190144,
      "accuracy": 0.5579710144927537,
      "time": 5.9859702587127686
    }
  },
  {
    "epoch": 53,
    "train": {
      "loss": 0.7535277307033539,
      "accuracy": 0.72265625,
      "time": 18.049333095550537
    },
    "test": {
      "loss": 2.2692273699718974,
      "accuracy": 0.463768115942029,
      "time": 5.017396450042725
    }
  },
  {
    "epoch": 54,
    "train": {
      "loss": 0.7410747557878494,
      "accuracy": 0.734375,
      "time": 19.463180780410767
    },
    "test": {
      "loss": 1.7586691344993701,
      "accuracy": 0.5434782608695652,
      "time": 4.9707465171813965
    }
  },
  {
    "epoch": 55,
    "train": {
      "loss": 0.7570162862539291,
      "accuracy": 0.751953125,
      "time": 18.091639518737793
    },
    "test": {
      "loss": 1.7781498604926511,
      "accuracy": 0.5072463768115942,
      "time": 6.207925081253052
    }
  },
  {
    "epoch": 56,
    "train": {
      "loss": 0.7585000842809677,
      "accuracy": 0.71875,
      "time": 18.077484369277954
    },
    "test": {
      "loss": 1.982102404470029,
      "accuracy": 0.5144927536231884,
      "time": 5.183398246765137
    }
  },
  {
    "epoch": 57,
    "train": {
      "loss": 0.7255205065011978,
      "accuracy": 0.74609375,
      "time": 19.116472959518433
    },
    "test": {
      "loss": 1.7549004036447275,
      "accuracy": 0.5362318840579711,
      "time": 4.963426351547241
    }
  },
  {
    "epoch": 58,
    "train": {
      "loss": 0.8204019665718079,
      "accuracy": 0.728515625,
      "time": 17.974661111831665
    },
    "test": {
      "loss": 1.8524449459020642,
      "accuracy": 0.4782608695652174,
      "time": 6.179764747619629
    }
  },
  {
    "epoch": 59,
    "train": {
      "loss": 0.8250428140163422,
      "accuracy": 0.697265625,
      "time": 19.02462387084961
    },
    "test": {
      "loss": 1.8083003845767698,
      "accuracy": 0.5289855072463768,
      "time": 4.8461339473724365
    }
  },
  {
    "epoch": 60,
    "train": {
      "loss": 0.7295391857624054,
      "accuracy": 0.755859375,
      "time": 19.4243483543396
    },
    "test": {
      "loss": 1.8142584925112517,
      "accuracy": 0.5507246376811594,
      "time": 4.918538331985474
    }
  },
  {
    "epoch": 61,
    "train": {
      "loss": 0.670600101351738,
      "accuracy": 0.75390625,
      "time": 17.66834306716919
    },
    "test": {
      "loss": 1.8295948885489202,
      "accuracy": 0.5144927536231884,
      "time": 5.956696033477783
    }
  },
  {
    "epoch": 62,
    "train": {
      "loss": 0.6419654488563538,
      "accuracy": 0.771484375,
      "time": 16.82004189491272
    },
    "test": {
      "loss": 1.9354617111924766,
      "accuracy": 0.5507246376811594,
      "time": 4.895469665527344
    }
  },
  {
    "epoch": 63,
    "train": {
      "loss": 0.59576815366745,
      "accuracy": 0.787109375,
      "time": 18.749349355697632
    },
    "test": {
      "loss": 1.9855557040891785,
      "accuracy": 0.5072463768115942,
      "time": 5.116231679916382
    }
  },
  {
    "epoch": 64,
    "train": {
      "loss": 0.7120698839426041,
      "accuracy": 0.76171875,
      "time": 17.119564294815063
    },
    "test": {
      "loss": 2.051054774851039,
      "accuracy": 0.4927536231884058,
      "time": 6.229125022888184
    }
  },
  {
    "epoch": 65,
    "train": {
      "loss": 0.638349786400795,
      "accuracy": 0.796875,
      "time": 17.793633699417114
    },
    "test": {
      "loss": 1.9439710292263308,
      "accuracy": 0.5289855072463768,
      "time": 4.910343885421753
    }
  },
  {
    "epoch": 66,
    "train": {
      "loss": 0.6064878702163696,
      "accuracy": 0.7734375,
      "time": 19.083853244781494
    },
    "test": {
      "loss": 1.8133236739946448,
      "accuracy": 0.5144927536231884,
      "time": 5.386699914932251
    }
  },
  {
    "epoch": 67,
    "train": {
      "loss": 0.5825303494930267,
      "accuracy": 0.80859375,
      "time": 17.60861301422119
    },
    "test": {
      "loss": 1.9556699870289236,
      "accuracy": 0.5797101449275363,
      "time": 6.1252219676971436
    }
  },
  {
    "epoch": 68,
    "train": {
      "loss": 0.5217380374670029,
      "accuracy": 0.8203125,
      "time": 17.551449298858643
    },
    "test": {
      "loss": 1.938777588415837,
      "accuracy": 0.572463768115942,
      "time": 5.04117226600647
    }
  },
  {
    "epoch": 69,
    "train": {
      "loss": 0.6212029680609703,
      "accuracy": 0.77734375,
      "time": 18.63741445541382
    },
    "test": {
      "loss": 1.9009443607883176,
      "accuracy": 0.5652173913043478,
      "time": 6.492047309875488
    }
  },
  {
    "epoch": 70,
    "train": {
      "loss": 0.6601257771253586,
      "accuracy": 0.7578125,
      "time": 17.50333571434021
    },
    "test": {
      "loss": 2.0828793256179146,
      "accuracy": 0.5072463768115942,
      "time": 5.9091410636901855
    }
  },
  {
    "epoch": 71,
    "train": {
      "loss": 0.662699282169342,
      "accuracy": 0.78515625,
      "time": 18.51298475265503
    },
    "test": {
      "loss": 2.0108134193696836,
      "accuracy": 0.5362318840579711,
      "time": 4.821568965911865
    }
  },
  {
    "epoch": 72,
    "train": {
      "loss": 0.5781066566705704,
      "accuracy": 0.798828125,
      "time": 17.449485540390015
    },
    "test": {
      "loss": 1.8356454337852588,
      "accuracy": 0.5797101449275363,
      "time": 5.1912841796875
    }
  },
  {
    "epoch": 73,
    "train": {
      "loss": 0.5683537274599075,
      "accuracy": 0.78515625,
      "time": 17.1208279132843
    },
    "test": {
      "loss": 1.9746871374655461,
      "accuracy": 0.4855072463768116,
      "time": 5.7408270835876465
    }
  },
  {
    "epoch": 74,
    "train": {
      "loss": 0.5973078608512878,
      "accuracy": 0.802734375,
      "time": 18.14501166343689
    },
    "test": {
      "loss": 1.9264917269996975,
      "accuracy": 0.5652173913043478,
      "time": 4.943877696990967
    }
  },
  {
    "epoch": 75,
    "train": {
      "loss": 0.5940569043159485,
      "accuracy": 0.8046875,
      "time": 18.31045889854431
    },
    "test": {
      "loss": 2.0059985492540444,
      "accuracy": 0.5217391304347826,
      "time": 5.585862159729004
    }
  },
  {
    "epoch": 76,
    "train": {
      "loss": 0.6105747520923615,
      "accuracy": 0.79296875,
      "time": 17.92926263809204
    },
    "test": {
      "loss": 2.226063662681027,
      "accuracy": 0.5507246376811594,
      "time": 5.9622180461883545
    }
  },
  {
    "epoch": 77,
    "train": {
      "loss": 0.4870069921016693,
      "accuracy": 0.83203125,
      "time": 17.164098501205444
    },
    "test": {
      "loss": 2.029849007509757,
      "accuracy": 0.5579710144927537,
      "time": 5.018322467803955
    }
  },
  {
    "epoch": 78,
    "train": {
      "loss": 0.5378298461437225,
      "accuracy": 0.818359375,
      "time": 17.5743465423584
    },
    "test": {
      "loss": 2.060237576996071,
      "accuracy": 0.5652173913043478,
      "time": 5.778295040130615
    }
  },
  {
    "epoch": 79,
    "train": {
      "loss": 0.6192901581525803,
      "accuracy": 0.798828125,
      "time": 18.292603254318237
    },
    "test": {
      "loss": 2.0079708133918652,
      "accuracy": 0.5434782608695652,
      "time": 6.066913843154907
    }
  },
  {
    "epoch": 80,
    "train": {
      "loss": 0.4901661276817322,
      "accuracy": 0.826171875,
      "time": 19.732938289642334
    },
    "test": {
      "loss": 1.935305547023165,
      "accuracy": 0.5362318840579711,
      "time": 4.9773876667022705
    }
  },
  {
    "epoch": 81,
    "train": {
      "loss": 0.5234667286276817,
      "accuracy": 0.80859375,
      "time": 19.33376169204712
    },
    "test": {
      "loss": 1.920499604681264,
      "accuracy": 0.5072463768115942,
      "time": 4.998658895492554
    }
  },
  {
    "epoch": 82,
    "train": {
      "loss": 0.5717309266328812,
      "accuracy": 0.80859375,
      "time": 17.603759288787842
    },
    "test": {
      "loss": 1.8371399831080781,
      "accuracy": 0.5,
      "time": 6.04205060005188
    }
  },
  {
    "epoch": 83,
    "train": {
      "loss": 0.5477541983127594,
      "accuracy": 0.828125,
      "time": 17.290109634399414
    },
    "test": {
      "loss": 1.9675597004268481,
      "accuracy": 0.5652173913043478,
      "time": 4.98349928855896
    }
  },
  {
    "epoch": 84,
    "train": {
      "loss": 0.5014006569981575,
      "accuracy": 0.810546875,
      "time": 19.989890813827515
    },
    "test": {
      "loss": 2.1894230013308316,
      "accuracy": 0.5652173913043478,
      "time": 4.8930299282073975
    }
  },
  {
    "epoch": 85,
    "train": {
      "loss": 0.4865056201815605,
      "accuracy": 0.826171875,
      "time": 17.859437227249146
    },
    "test": {
      "loss": 2.2258603641952295,
      "accuracy": 0.5,
      "time": 6.0342793464660645
    }
  },
  {
    "epoch": 86,
    "train": {
      "loss": 0.4688599035143852,
      "accuracy": 0.841796875,
      "time": 17.899105310440063
    },
    "test": {
      "loss": 2.128596063973247,
      "accuracy": 0.5797101449275363,
      "time": 5.589229345321655
    }
  },
  {
    "epoch": 87,
    "train": {
      "loss": 0.43996767699718475,
      "accuracy": 0.8515625,
      "time": 17.865259885787964
    },
    "test": {
      "loss": 2.075655626214069,
      "accuracy": 0.5797101449275363,
      "time": 4.808689832687378
    }
  },
  {
    "epoch": 88,
    "train": {
      "loss": 0.4160730689764023,
      "accuracy": 0.86328125,
      "time": 17.24446439743042
    },
    "test": {
      "loss": 2.063269877779311,
      "accuracy": 0.5,
      "time": 5.847755432128906
    }
  },
  {
    "epoch": 89,
    "train": {
      "loss": 0.4660928472876549,
      "accuracy": 0.83203125,
      "time": 18.540197610855103
    },
    "test": {
      "loss": 2.2014537064925483,
      "accuracy": 0.5579710144927537,
      "time": 5.047552108764648
    }
  },
  {
    "epoch": 90,
    "train": {
      "loss": 0.4272509887814522,
      "accuracy": 0.861328125,
      "time": 21.367613792419434
    },
    "test": {
      "loss": 2.204696696737538,
      "accuracy": 0.5,
      "time": 4.946032762527466
    }
  },
  {
    "epoch": 91,
    "train": {
      "loss": 0.38408567756414413,
      "accuracy": 0.84765625,
      "time": 18.078243255615234
    },
    "test": {
      "loss": 2.0714438618093296,
      "accuracy": 0.5507246376811594,
      "time": 6.1838953495025635
    }
  },
  {
    "epoch": 92,
    "train": {
      "loss": 0.5285296887159348,
      "accuracy": 0.8359375,
      "time": 18.212668895721436
    },
    "test": {
      "loss": 2.2728209357330766,
      "accuracy": 0.5289855072463768,
      "time": 5.6874001026153564
    }
  },
  {
    "epoch": 93,
    "train": {
      "loss": 0.485857792198658,
      "accuracy": 0.833984375,
      "time": 18.222940921783447
    },
    "test": {
      "loss": 1.8547797617704973,
      "accuracy": 0.5289855072463768,
      "time": 4.909404516220093
    }
  },
  {
    "epoch": 94,
    "train": {
      "loss": 0.4241543933749199,
      "accuracy": 0.8515625,
      "time": 17.72495198249817
    },
    "test": {
      "loss": 1.818929948668549,
      "accuracy": 0.5434782608695652,
      "time": 5.887467861175537
    }
  },
  {
    "epoch": 95,
    "train": {
      "loss": 0.42448004335165024,
      "accuracy": 0.853515625,
      "time": 17.060038805007935
    },
    "test": {
      "loss": 1.9706571585890176,
      "accuracy": 0.5652173913043478,
      "time": 5.366550922393799
    }
  },
  {
    "epoch": 96,
    "train": {
      "loss": 0.44000810384750366,
      "accuracy": 0.853515625,
      "time": 17.775338172912598
    },
    "test": {
      "loss": 1.9968784650166829,
      "accuracy": 0.5217391304347826,
      "time": 4.786978006362915
    }
  },
  {
    "epoch": 97,
    "train": {
      "loss": 0.41146788001060486,
      "accuracy": 0.87109375,
      "time": 17.925337553024292
    },
    "test": {
      "loss": 2.1729021694349204,
      "accuracy": 0.5289855072463768,
      "time": 5.889690160751343
    }
  },
  {
    "epoch": 98,
    "train": {
      "loss": 0.4251931384205818,
      "accuracy": 0.853515625,
      "time": 16.140637636184692
    },
    "test": {
      "loss": 2.00408753450366,
      "accuracy": 0.572463768115942,
      "time": 4.9431774616241455
    }
  },
  {
    "epoch": 99,
    "train": {
      "loss": 0.3665957599878311,
      "accuracy": 0.876953125,
      "time": 18.086787223815918
    },
    "test": {
      "loss": 1.875097406083259,
      "accuracy": 0.6086956521739131,
      "time": 5.531412124633789
    }
  },
  {
    "epoch": 100,
    "train": {
      "loss": 0.4035049080848694,
      "accuracy": 0.853515625,
      "time": 16.449542999267578
    },
    "test": {
      "loss": 1.7839666760486106,
      "accuracy": 0.6159420289855072,
      "time": 5.078893184661865
    }
  },
  {
    "epoch": 101,
    "train": {
      "loss": 0.38446110486984253,
      "accuracy": 0.87109375,
      "time": 19.80783438682556
    },
    "test": {
      "loss": 2.075450969778973,
      "accuracy": 0.5942028985507246,
      "time": 4.807324409484863
    }
  },
  {
    "epoch": 102,
    "train": {
      "loss": 0.45014821738004684,
      "accuracy": 0.83984375,
      "time": 17.09024214744568
    },
    "test": {
      "loss": 2.066616341687631,
      "accuracy": 0.5362318840579711,
      "time": 6.073895692825317
    }
  },
  {
    "epoch": 103,
    "train": {
      "loss": 0.40480969846248627,
      "accuracy": 0.857421875,
      "time": 17.350545644760132
    },
    "test": {
      "loss": 2.2326582272847495,
      "accuracy": 0.5289855072463768,
      "time": 5.555843353271484
    }
  },
  {
    "epoch": 104,
    "train": {
      "loss": 0.40018388628959656,
      "accuracy": 0.849609375,
      "time": 18.59503722190857
    },
    "test": {
      "loss": 2.2679406179898027,
      "accuracy": 0.5652173913043478,
      "time": 4.996177673339844
    }
  },
  {
    "epoch": 105,
    "train": {
      "loss": 0.3903389945626259,
      "accuracy": 0.869140625,
      "time": 18.078667402267456
    },
    "test": {
      "loss": 1.9561634685682214,
      "accuracy": 0.5869565217391305,
      "time": 6.00738525390625
    }
  },
  {
    "epoch": 106,
    "train": {
      "loss": 0.351999394595623,
      "accuracy": 0.873046875,
      "time": 17.75219416618347
    },
    "test": {
      "loss": 2.0833129675491997,
      "accuracy": 0.572463768115942,
      "time": 5.53305983543396
    }
  },
  {
    "epoch": 107,
    "train": {
      "loss": 0.3867381736636162,
      "accuracy": 0.859375,
      "time": 17.760945558547974
    },
    "test": {
      "loss": 2.304402738377668,
      "accuracy": 0.5362318840579711,
      "time": 4.809909105300903
    }
  },
  {
    "epoch": 108,
    "train": {
      "loss": 0.3332197964191437,
      "accuracy": 0.880859375,
      "time": 17.05127501487732
    },
    "test": {
      "loss": 2.0193603729856187,
      "accuracy": 0.6014492753623188,
      "time": 5.850980281829834
    }
  },
  {
    "epoch": 109,
    "train": {
      "loss": 0.32403401657938957,
      "accuracy": 0.90234375,
      "time": 17.283313035964966
    },
    "test": {
      "loss": 2.1153850244439165,
      "accuracy": 0.5289855072463768,
      "time": 4.76432466506958
    }
  },
  {
    "epoch": 110,
    "train": {
      "loss": 0.4094289243221283,
      "accuracy": 0.857421875,
      "time": 17.685128450393677
    },
    "test": {
      "loss": 2.307886220406795,
      "accuracy": 0.5869565217391305,
      "time": 5.297742605209351
    }
  },
  {
    "epoch": 111,
    "train": {
      "loss": 0.3892393186688423,
      "accuracy": 0.87109375,
      "time": 16.96186923980713
    },
    "test": {
      "loss": 2.019754627476568,
      "accuracy": 0.5869565217391305,
      "time": 5.701305627822876
    }
  },
  {
    "epoch": 112,
    "train": {
      "loss": 0.3263953849673271,
      "accuracy": 0.876953125,
      "time": 18.8246967792511
    },
    "test": {
      "loss": 2.031831357790076,
      "accuracy": 0.5434782608695652,
      "time": 4.84576678276062
    }
  },
  {
    "epoch": 113,
    "train": {
      "loss": 0.3133584000170231,
      "accuracy": 0.890625,
      "time": 18.01141595840454
    },
    "test": {
      "loss": 2.079654790353084,
      "accuracy": 0.5869565217391305,
      "time": 5.238129615783691
    }
  },
  {
    "epoch": 114,
    "train": {
      "loss": 0.3699282556772232,
      "accuracy": 0.869140625,
      "time": 17.78018069267273
    },
    "test": {
      "loss": 2.161337652068207,
      "accuracy": 0.6086956521739131,
      "time": 5.915002107620239
    }
  },
  {
    "epoch": 115,
    "train": {
      "loss": 0.3173320107161999,
      "accuracy": 0.896484375,
      "time": 17.40757989883423
    },
    "test": {
      "loss": 2.0395244100819463,
      "accuracy": 0.5869565217391305,
      "time": 4.886000633239746
    }
  },
  {
    "epoch": 116,
    "train": {
      "loss": 0.2570607177913189,
      "accuracy": 0.91015625,
      "time": 17.692680835723877
    },
    "test": {
      "loss": 2.234810535458551,
      "accuracy": 0.5869565217391305,
      "time": 5.790550947189331
    }
  },
  {
    "epoch": 117,
    "train": {
      "loss": 0.2618059702217579,
      "accuracy": 0.9140625,
      "time": 17.509626388549805
    },
    "test": {
      "loss": 2.197874121043993,
      "accuracy": 0.5652173913043478,
      "time": 5.622464179992676
    }
  },
  {
    "epoch": 118,
    "train": {
      "loss": 0.3073440305888653,
      "accuracy": 0.888671875,
      "time": 18.650087356567383
    },
    "test": {
      "loss": 2.2330584871596186,
      "accuracy": 0.572463768115942,
      "time": 4.933751344680786
    }
  },
  {
    "epoch": 119,
    "train": {
      "loss": 0.2935091443359852,
      "accuracy": 0.888671875,
      "time": 18.82582116127014
    },
    "test": {
      "loss": 2.3465406963790674,
      "accuracy": 0.5362318840579711,
      "time": 5.43945050239563
    }
  },
  {
    "epoch": 120,
    "train": {
      "loss": 0.28880707919597626,
      "accuracy": 0.91015625,
      "time": 17.41674280166626
    },
    "test": {
      "loss": 2.096742816593336,
      "accuracy": 0.5507246376811594,
      "time": 6.217550277709961
    }
  },
  {
    "epoch": 121,
    "train": {
      "loss": 0.2845085486769676,
      "accuracy": 0.896484375,
      "time": 18.01625084877014
    },
    "test": {
      "loss": 2.482027910757756,
      "accuracy": 0.5362318840579711,
      "time": 4.975121736526489
    }
  },
  {
    "epoch": 122,
    "train": {
      "loss": 0.3077736049890518,
      "accuracy": 0.8984375,
      "time": 18.21281337738037
    },
    "test": {
      "loss": 2.5771798258242398,
      "accuracy": 0.5362318840579711,
      "time": 5.3218464851379395
    }
  },
  {
    "epoch": 123,
    "train": {
      "loss": 0.24157357960939407,
      "accuracy": 0.90234375,
      "time": 19.663670539855957
    },
    "test": {
      "loss": 2.4515636416449063,
      "accuracy": 0.5579710144927537,
      "time": 5.974728584289551
    }
  },
  {
    "epoch": 124,
    "train": {
      "loss": 0.3135223053395748,
      "accuracy": 0.884765625,
      "time": 16.992371082305908
    },
    "test": {
      "loss": 2.296817344167958,
      "accuracy": 0.572463768115942,
      "time": 4.941650629043579
    }
  },
  {
    "epoch": 125,
    "train": {
      "loss": 0.30634094029664993,
      "accuracy": 0.892578125,
      "time": 19.122135877609253
    },
    "test": {
      "loss": 2.3781957004381264,
      "accuracy": 0.5217391304347826,
      "time": 4.965962648391724
    }
  },
  {
    "epoch": 126,
    "train": {
      "loss": 0.32636987417936325,
      "accuracy": 0.8984375,
      "time": 17.906636953353882
    },
    "test": {
      "loss": 2.300212797911271,
      "accuracy": 0.5507246376811594,
      "time": 5.939406156539917
    }
  },
  {
    "epoch": 127,
    "train": {
      "loss": 0.2451133020222187,
      "accuracy": 0.912109375,
      "time": 17.26756453514099
    },
    "test": {
      "loss": 2.3779499772666157,
      "accuracy": 0.5797101449275363,
      "time": 4.837298393249512
    }
  },
  {
    "epoch": 128,
    "train": {
      "loss": 0.26114367693662643,
      "accuracy": 0.90625,
      "time": 18.79958462715149
    },
    "test": {
      "loss": 2.3382833453192227,
      "accuracy": 0.5362318840579711,
      "time": 5.035678148269653
    }
  },
  {
    "epoch": 129,
    "train": {
      "loss": 0.21518519520759583,
      "accuracy": 0.916015625,
      "time": 18.241827726364136
    },
    "test": {
      "loss": 2.331429612809333,
      "accuracy": 0.572463768115942,
      "time": 6.031200170516968
    }
  },
  {
    "epoch": 130,
    "train": {
      "loss": 0.26772233098745346,
      "accuracy": 0.904296875,
      "time": 17.719690561294556
    },
    "test": {
      "loss": 2.5065376447594683,
      "accuracy": 0.5434782608695652,
      "time": 4.967200756072998
    }
  },
  {
    "epoch": 131,
    "train": {
      "loss": 0.26414041221141815,
      "accuracy": 0.90625,
      "time": 19.40211248397827
    },
    "test": {
      "loss": 2.25430811315343,
      "accuracy": 0.5869565217391305,
      "time": 4.97926664352417
    }
  },
  {
    "epoch": 132,
    "train": {
      "loss": 0.205688813701272,
      "accuracy": 0.9296875,
      "time": 17.93540906906128
    },
    "test": {
      "loss": 2.3611671129862466,
      "accuracy": 0.572463768115942,
      "time": 5.926739692687988
    }
  },
  {
    "epoch": 133,
    "train": {
      "loss": 0.170682605355978,
      "accuracy": 0.9375,
      "time": 17.2690269947052
    },
    "test": {
      "loss": 2.3323957539986875,
      "accuracy": 0.6086956521739131,
      "time": 6.1954872608184814
    }
  },
  {
    "epoch": 134,
    "train": {
      "loss": 0.1915343552827835,
      "accuracy": 0.943359375,
      "time": 18.53250813484192
    },
    "test": {
      "loss": 2.3890219909557397,
      "accuracy": 0.5942028985507246,
      "time": 4.899963617324829
    }
  },
  {
    "epoch": 135,
    "train": {
      "loss": 0.2228560894727707,
      "accuracy": 0.923828125,
      "time": 17.648815155029297
    },
    "test": {
      "loss": 2.632925144140271,
      "accuracy": 0.5942028985507246,
      "time": 5.881442070007324
    }
  },
  {
    "epoch": 136,
    "train": {
      "loss": 0.2508283145725727,
      "accuracy": 0.91796875,
      "time": 17.70015025138855
    },
    "test": {
      "loss": 2.664389402970024,
      "accuracy": 0.5362318840579711,
      "time": 4.876648187637329
    }
  },
  {
    "epoch": 137,
    "train": {
      "loss": 0.3748070001602173,
      "accuracy": 0.87890625,
      "time": 18.5251247882843
    },
    "test": {
      "loss": 2.4454899352529775,
      "accuracy": 0.5072463768115942,
      "time": 4.90005087852478
    }
  },
  {
    "epoch": 138,
    "train": {
      "loss": 0.3024836629629135,
      "accuracy": 0.9140625,
      "time": 18.02184772491455
    },
    "test": {
      "loss": 2.255635676176652,
      "accuracy": 0.5434782608695652,
      "time": 6.146618127822876
    }
  },
  {
    "epoch": 139,
    "train": {
      "loss": 0.2762792818248272,
      "accuracy": 0.908203125,
      "time": 17.473280429840088
    },
    "test": {
      "loss": 2.1837907252104385,
      "accuracy": 0.5434782608695652,
      "time": 4.8491270542144775
    }
  },
  {
    "epoch": 140,
    "train": {
      "loss": 0.2770954519510269,
      "accuracy": 0.8984375,
      "time": 19.858115673065186
    },
    "test": {
      "loss": 2.0885356405506963,
      "accuracy": 0.5579710144927537,
      "time": 4.986555576324463
    }
  },
  {
    "epoch": 141,
    "train": {
      "loss": 0.25794143602252007,
      "accuracy": 0.900390625,
      "time": 17.245811939239502
    },
    "test": {
      "loss": 2.178000844043234,
      "accuracy": 0.5869565217391305,
      "time": 5.971845626831055
    }
  },
  {
    "epoch": 142,
    "train": {
      "loss": 0.29056350886821747,
      "accuracy": 0.91015625,
      "time": 18.03072476387024
    },
    "test": {
      "loss": 2.4781039555867515,
      "accuracy": 0.5362318840579711,
      "time": 5.015652179718018
    }
  },
  {
    "epoch": 143,
    "train": {
      "loss": 0.23651476949453354,
      "accuracy": 0.923828125,
      "time": 19.22635507583618
    },
    "test": {
      "loss": 2.4148607150368067,
      "accuracy": 0.5289855072463768,
      "time": 5.031422853469849
    }
  },
  {
    "epoch": 144,
    "train": {
      "loss": 0.3478769361972809,
      "accuracy": 0.89453125,
      "time": 17.990144968032837
    },
    "test": {
      "loss": 2.5032865586488144,
      "accuracy": 0.5434782608695652,
      "time": 7.245278358459473
    }
  },
  {
    "epoch": 145,
    "train": {
      "loss": 0.21546247601509094,
      "accuracy": 0.931640625,
      "time": 17.533791303634644
    },
    "test": {
      "loss": 2.7566824788632602,
      "accuracy": 0.5072463768115942,
      "time": 4.9079742431640625
    }
  },
  {
    "epoch": 146,
    "train": {
      "loss": 0.2184838205575943,
      "accuracy": 0.91796875,
      "time": 19.31990385055542
    },
    "test": {
      "loss": 2.2975074139194214,
      "accuracy": 0.5362318840579711,
      "time": 4.961402416229248
    }
  },
  {
    "epoch": 147,
    "train": {
      "loss": 0.23661869764328003,
      "accuracy": 0.912109375,
      "time": 17.425854444503784
    },
    "test": {
      "loss": 2.4644513302955073,
      "accuracy": 0.5869565217391305,
      "time": 6.164360046386719
    }
  },
  {
    "epoch": 148,
    "train": {
      "loss": 0.21346304938197136,
      "accuracy": 0.91796875,
      "time": 17.778013229370117
    },
    "test": {
      "loss": 2.7392624633899634,
      "accuracy": 0.5507246376811594,
      "time": 4.892176866531372
    }
  },
  {
    "epoch": 149,
    "train": {
      "loss": 0.1795334331691265,
      "accuracy": 0.94140625,
      "time": 18.67474627494812
    },
    "test": {
      "loss": 2.4734707085982612,
      "accuracy": 0.5579710144927537,
      "time": 4.998376131057739
    }
  },
  {
    "epoch": 150,
    "train": {
      "loss": 0.22685038298368454,
      "accuracy": 0.92578125,
      "time": 17.276256561279297
    },
    "test": {
      "loss": 2.548026931458625,
      "accuracy": 0.5579710144927537,
      "time": 5.868963003158569
    }
  },
  {
    "epoch": 151,
    "train": {
      "loss": 0.21356364339590073,
      "accuracy": 0.927734375,
      "time": 17.23168683052063
    },
    "test": {
      "loss": 2.3650736048601675,
      "accuracy": 0.5869565217391305,
      "time": 4.837386846542358
    }
  },
  {
    "epoch": 152,
    "train": {
      "loss": 0.18776286765933037,
      "accuracy": 0.93359375,
      "time": 17.120648622512817
    },
    "test": {
      "loss": 2.7217253740283027,
      "accuracy": 0.5434782608695652,
      "time": 5.672353267669678
    }
  },
  {
    "epoch": 153,
    "train": {
      "loss": 0.24859866872429848,
      "accuracy": 0.90234375,
      "time": 17.44662070274353
    },
    "test": {
      "loss": 2.4587774898694907,
      "accuracy": 0.5434782608695652,
      "time": 5.244030475616455
    }
  },
  {
    "epoch": 154,
    "train": {
      "loss": 0.18122519738972187,
      "accuracy": 0.931640625,
      "time": 17.80958127975464
    },
    "test": {
      "loss": 2.5498917413794477,
      "accuracy": 0.5869565217391305,
      "time": 4.740842342376709
    }
  },
  {
    "epoch": 155,
    "train": {
      "loss": 0.2190687321126461,
      "accuracy": 0.919921875,
      "time": 17.49442458152771
    },
    "test": {
      "loss": 2.3941199330316074,
      "accuracy": 0.6159420289855072,
      "time": 7.031932592391968
    }
  },
  {
    "epoch": 156,
    "train": {
      "loss": 0.23978149332106113,
      "accuracy": 0.927734375,
      "time": 18.00548815727234
    },
    "test": {
      "loss": 2.3248091849727905,
      "accuracy": 0.5362318840579711,
      "time": 5.914233684539795
    }
  },
  {
    "epoch": 157,
    "train": {
      "loss": 0.2690945081412792,
      "accuracy": 0.921875,
      "time": 17.426225185394287
    },
    "test": {
      "loss": 2.462055282316346,
      "accuracy": 0.5289855072463768,
      "time": 4.936985492706299
    }
  },
  {
    "epoch": 158,
    "train": {
      "loss": 0.21872830763459206,
      "accuracy": 0.935546875,
      "time": 18.037458181381226
    },
    "test": {
      "loss": 2.453289294588393,
      "accuracy": 0.5797101449275363,
      "time": 5.313691854476929
    }
  },
  {
    "epoch": 159,
    "train": {
      "loss": 0.16782850585877895,
      "accuracy": 0.943359375,
      "time": 17.118484497070312
    },
    "test": {
      "loss": 2.4279536129771797,
      "accuracy": 0.5797101449275363,
      "time": 5.556842565536499
    }
  },
  {
    "epoch": 160,
    "train": {
      "loss": 0.20740778371691704,
      "accuracy": 0.927734375,
      "time": 17.316926956176758
    },
    "test": {
      "loss": 2.419081097063811,
      "accuracy": 0.5797101449275363,
      "time": 4.69967246055603
    }
  },
  {
    "epoch": 161,
    "train": {
      "loss": 0.2313438095152378,
      "accuracy": 0.916015625,
      "time": 16.546392679214478
    },
    "test": {
      "loss": 2.012243568033412,
      "accuracy": 0.6376811594202898,
      "time": 5.736503601074219
    }
  },
  {
    "epoch": 162,
    "train": {
      "loss": 0.2193361632525921,
      "accuracy": 0.91796875,
      "time": 16.7643620967865
    },
    "test": {
      "loss": 2.323809188345204,
      "accuracy": 0.5797101449275363,
      "time": 4.8520283699035645
    }
  },
  {
    "epoch": 163,
    "train": {
      "loss": 0.21115630120038986,
      "accuracy": 0.939453125,
      "time": 18.120058059692383
    },
    "test": {
      "loss": 2.5110650684522544,
      "accuracy": 0.5362318840579711,
      "time": 5.465670824050903
    }
  },
  {
    "epoch": 164,
    "train": {
      "loss": 0.20997342094779015,
      "accuracy": 0.9296875,
      "time": 17.47360372543335
    },
    "test": {
      "loss": 2.586741412895313,
      "accuracy": 0.572463768115942,
      "time": 5.8744120597839355
    }
  },
  {
    "epoch": 165,
    "train": {
      "loss": 0.22070459835231304,
      "accuracy": 0.931640625,
      "time": 17.840057611465454
    },
    "test": {
      "loss": 2.381105799605881,
      "accuracy": 0.5652173913043478,
      "time": 4.901081323623657
    }
  },
  {
    "epoch": 166,
    "train": {
      "loss": 0.15803280100226402,
      "accuracy": 0.939453125,
      "time": 17.987079620361328
    },
    "test": {
      "loss": 2.318935249162757,
      "accuracy": 0.5869565217391305,
      "time": 5.41791033744812
    }
  },
  {
    "epoch": 167,
    "train": {
      "loss": 0.18539511039853096,
      "accuracy": 0.94140625,
      "time": 18.806798219680786
    },
    "test": {
      "loss": 2.3968359421992647,
      "accuracy": 0.5797101449275363,
      "time": 5.180187940597534
    }
  },
  {
    "epoch": 168,
    "train": {
      "loss": 0.14771592058241367,
      "accuracy": 0.94921875,
      "time": 18.415674686431885
    },
    "test": {
      "loss": 2.4431685088337334,
      "accuracy": 0.5942028985507246,
      "time": 5.0926806926727295
    }
  },
  {
    "epoch": 169,
    "train": {
      "loss": 0.16971656121313572,
      "accuracy": 0.943359375,
      "time": 17.647453546524048
    },
    "test": {
      "loss": 2.611290772755941,
      "accuracy": 0.5579710144927537,
      "time": 6.0516133308410645
    }
  },
  {
    "epoch": 170,
    "train": {
      "loss": 0.1573465447872877,
      "accuracy": 0.94921875,
      "time": 18.292287588119507
    },
    "test": {
      "loss": 2.737614797509235,
      "accuracy": 0.5434782608695652,
      "time": 5.489431619644165
    }
  },
  {
    "epoch": 171,
    "train": {
      "loss": 0.16889871656894684,
      "accuracy": 0.943359375,
      "time": 18.76459050178528
    },
    "test": {
      "loss": 2.886092427848042,
      "accuracy": 0.5072463768115942,
      "time": 4.973223924636841
    }
  },
  {
    "epoch": 172,
    "train": {
      "loss": 0.19434107281267643,
      "accuracy": 0.9375,
      "time": 16.49692440032959
    },
    "test": {
      "loss": 2.986681910528653,
      "accuracy": 0.5,
      "time": 6.155725717544556
    }
  },
  {
    "epoch": 173,
    "train": {
      "loss": 0.18971502967178822,
      "accuracy": 0.94140625,
      "time": 17.344893217086792
    },
    "test": {
      "loss": 2.7536998382513076,
      "accuracy": 0.5289855072463768,
      "time": 4.961870193481445
    }
  },
  {
    "epoch": 174,
    "train": {
      "loss": 0.243662865832448,
      "accuracy": 0.91796875,
      "time": 19.11330771446228
    },
    "test": {
      "loss": 2.4140563633130943,
      "accuracy": 0.5217391304347826,
      "time": 4.907702684402466
    }
  },
  {
    "epoch": 175,
    "train": {
      "loss": 0.20517127215862274,
      "accuracy": 0.931640625,
      "time": 18.622766971588135
    },
    "test": {
      "loss": 2.3768708118494004,
      "accuracy": 0.5652173913043478,
      "time": 5.85569429397583
    }
  },
  {
    "epoch": 176,
    "train": {
      "loss": 0.2045048624277115,
      "accuracy": 0.93359375,
      "time": 17.423503160476685
    },
    "test": {
      "loss": 2.4518611742102583,
      "accuracy": 0.5942028985507246,
      "time": 5.585285902023315
    }
  },
  {
    "epoch": 177,
    "train": {
      "loss": 0.1478564403951168,
      "accuracy": 0.9453125,
      "time": 17.390450954437256
    },
    "test": {
      "loss": 2.5135128981825234,
      "accuracy": 0.572463768115942,
      "time": 4.92729640007019
    }
  },
  {
    "epoch": 178,
    "train": {
      "loss": 0.18026624992489815,
      "accuracy": 0.939453125,
      "time": 19.83570647239685
    },
    "test": {
      "loss": 2.325150724770366,
      "accuracy": 0.5869565217391305,
      "time": 5.347450494766235
    }
  },
  {
    "epoch": 179,
    "train": {
      "loss": 0.20036917924880981,
      "accuracy": 0.92578125,
      "time": 17.85576105117798
    },
    "test": {
      "loss": 2.353069429812224,
      "accuracy": 0.572463768115942,
      "time": 5.768278360366821
    }
  }
]